variable,ks_stat,p_value,drift
price,0.013117454885008706,0.8388414865781998,NON
volatility_30d,0.01598575848442721,0.6226520547514085,NON
notional_eur,0.023535575784073344,0.17323300142002737,NON
volume_j,0.012079707679433817,0.9013559501429103,NON
country_risk,0.015323255485399437,0.6748777003205549,NON
