Dataset,AUC-ROC,Precision,Recall,F1
RAW,0.6362370047333443,0.3333333333333333,0.004149377593360996,0.00819672131147541
CLEAN,0.6329448576472262,0.0,0.0,0.0
